file_name,file_path,file_size_bytes,log_file_size,window_entropy,mean_chunk_entropy,std_chunk_entropy,max_chunk_entropy,min_chunk_entropy,high_entropy_ratio
0a847e9fae14a0b8.exe,C:\Users\VMLicenta\Desktop\Dataset\malware_dataset\worm\0a847e9fae14a0b8.exe,160078,11.983422722361542,7.720994762302782,6.585899353027344,1.3625922203063965,7.1734843254089355,0.85166996717453,0.375
0acf526f1706c632.exe,C:\Users\VMLicenta\Desktop\Dataset\malware_dataset\worm\0acf526f1706c632.exe,835944,13.636318100428932,6.278402443389388,5.305813312530518,0.9717938899993896,6.119539737701416,-0.0,0.0
0ba966d1a66b83af.exe,C:\Users\VMLicenta\Desktop\Dataset\malware_dataset\worm\0ba966d1a66b83af.exe,4343296,15.284144295087108,7.785217099900357,6.662348747253418,1.3691641092300415,7.247389316558838,1.0796781778335571,0.84375
0bc4f00a0df5a6ef.exe,C:\Users\VMLicenta\Desktop\Dataset\malware_dataset\worm\0bc4f00a0df5a6ef.exe,22020,9.999751822506193,7.750295363233788,6.653273582458496,1.387827754020691,7.234713077545166,0.8032993078231812,0.625
0c345fc931b8e7e4.exe,C:\Users\VMLicenta\Desktop\Dataset\malware_dataset\worm\0c345fc931b8e7e4.exe,514560,13.151069388938756,6.7425348038212505,5.523301124572754,1.2888847589492798,7.258150577545166,0.5507565140724182,0.25
0c06255e9c03f387.exe,C:\Users\VMLicenta\Desktop\Dataset\malware_dataset\worm\0c06255e9c03f387.exe,9216000,16.036451770424748,5.278167307498608,4.114636421203613,2.189359664916992,5.884678840637207,-0.0,0.0
0cad47e2dfd25387.exe,C:\Users\VMLicenta\Desktop\Dataset\malware_dataset\worm\0cad47e2dfd25387.exe,3358392,15.026973143720465,6.543754758267433,5.43367862701416,0.9954197406768799,7.140319347381592,1.6370818614959717,0.015625
0d8c94b25d4c1543.exe,C:\Users\VMLicenta\Desktop\Dataset\malware_dataset\worm\0d8c94b25d4c1543.exe,291636,12.58326515721268,5.613160428553899,4.159248352050781,2.22340989112854,5.955898761749268,-0.0,0.0
0df97a0e5fe6fa55.exe,C:\Users\VMLicenta\Desktop\Dataset\malware_dataset\worm\0df97a0e5fe6fa55.exe,2455552,14.713862548427239,7.882908240910957,6.875657558441162,1.25956392288208,7.281588077545166,1.1246063709259033,0.9375
0e21f85809123aac.exe,C:\Users\VMLicenta\Desktop\Dataset\malware_dataset\worm\0e21f85809123aac.exe,25720,10.155063057844572,6.1260999401654725,4.844344615936279,1.261563777923584,6.1809186935424805,-0.0,0.0
0e33b828021edaff.exe,C:\Users\VMLicenta\Desktop\Dataset\malware_dataset\worm\0e33b828021edaff.exe,9963594,16.114448508211346,7.288571503302959,5.766855239868164,1.649236798286438,7.2463555335998535,-0.0,0.359375
0e252c0d6caed043.exe,C:\Users\VMLicenta\Desktop\Dataset\malware_dataset\worm\0e252c0d6caed043.exe,271128,12.5103500013629,6.30668262419672,5.385096549987793,1.0216422080993652,6.677680492401123,-0.0,0.0
0e8863ad2062d577.exe,C:\Users\VMLicenta\Desktop\Dataset\malware_dataset\worm\0e8863ad2062d577.exe,3640865,15.107732123404242,7.525251847475971,6.062376976013184,1.7955955266952515,7.248270511627197,2.39776611328125,0.703125
0ec44257a6b4c282.exe,C:\Users\VMLicenta\Desktop\Dataset\malware_dataset\worm\0ec44257a6b4c282.exe,2922997,14.888120359864617,6.543754758267433,5.43367862701416,0.9954197406768799,7.140319347381592,1.6370818614959717,0.015625
1a572d736a9ed311.exe,C:\Users\VMLicenta\Desktop\Dataset\malware_dataset\worm\1a572d736a9ed311.exe,774144,13.559514473527491,6.517754745164563,5.423518180847168,1.0521806478500366,7.143759250640869,0.7817767858505249,0.015625
1b4edc8ad9cda5c6.exe,C:\Users\VMLicenta\Desktop\Dataset\malware_dataset\worm\1b4edc8ad9cda5c6.exe,147576,11.902105352448023,6.265079671964235,5.284135818481445,0.9950854778289795,5.972274303436279,0.14736507833003998,0.0
1be583cafb3adc64.exe,C:\Users\VMLicenta\Desktop\Dataset\malware_dataset\worm\1be583cafb3adc64.exe,30080,10.311649022192036,7.834573929246246,6.775510787963867,1.3811389207839966,7.270183086395264,0.9946039319038391,0.90625
1c805c1ea96436b2.exe,C:\Users\VMLicenta\Desktop\Dataset\malware_dataset\worm\1c805c1ea96436b2.exe,29859,10.304275071093182,7.849236267992425,6.841870307922363,0.8008977770805359,7.212156772613525,1.7941099405288696,0.484375
1d448335a3b89716.exe,C:\Users\VMLicenta\Desktop\Dataset\malware_dataset\worm\1d448335a3b89716.exe,221184,12.306754734396083,5.536483412920115,4.319457530975342,2.3240060806274414,6.021634578704834,-0.0,0.0
1e66bcd81b2d3a65.exe,C:\Users\VMLicenta\Desktop\Dataset\malware_dataset\worm\1e66bcd81b2d3a65.exe,30080,10.311649022192036,7.834573929246246,6.775510787963867,1.3811389207839966,7.270183086395264,0.9946039319038391,0.90625
1fe99fb7c527a908.exe,C:\Users\VMLicenta\Desktop\Dataset\malware_dataset\worm\1fe99fb7c527a908.exe,22020,9.999751822506193,7.750295363233788,6.653273582458496,1.387827754020691,7.234713077545166,0.8032993078231812,0.625
002a1fb348c592c6.exe,C:\Users\VMLicenta\Desktop\Dataset\malware_dataset\worm\002a1fb348c592c6.exe,103140,11.543852263117381,7.798591417109746,6.723485469818115,1.4010556936264038,7.304534912109375,-0.0,0.75
2a04208e8c8aaaf8.exe,C:\Users\VMLicenta\Desktop\Dataset\malware_dataset\worm\2a04208e8c8aaaf8.exe,461824,13.042941310426839,5.740785141966913,4.389812469482422,1.6464775800704956,6.614326000213623,-0.0,0.0
2d5f86c5aea88741.exe,C:\Users\VMLicenta\Desktop\Dataset\malware_dataset\worm\2d5f86c5aea88741.exe,135681,11.818069191483128,7.891259908207509,6.933108329772949,0.7991598844528198,7.274656772613525,1.6340723037719727,0.796875
2f40f4d8e5fd1aeb.exe,C:\Users\VMLicenta\Desktop\Dataset\malware_dataset\worm\2f40f4d8e5fd1aeb.exe,212480,12.266607851584432,6.543816730227748,5.214652061462402,1.019779920578003,6.042470455169678,-0.0,0.0
2fe7933225f23861.exe,C:\Users\VMLicenta\Desktop\Dataset\malware_dataset\worm\2fe7933225f23861.exe,30080,10.311649022192036,7.834573929246246,6.775510787963867,1.3811389207839966,7.270183086395264,0.9946039319038391,0.90625
2fff52aa0c2fac4e.exe,C:\Users\VMLicenta\Desktop\Dataset\malware_dataset\worm\2fff52aa0c2fac4e.exe,2564453,14.757256148430855,6.543754758267433,5.43367862701416,0.9954197406768799,7.140319347381592,1.6370818614959717,0.015625
03ba92c7d1e0c238.exe,C:\Users\VMLicenta\Desktop\Dataset\malware_dataset\worm\03ba92c7d1e0c238.exe,1227776,14.020715775107453,5.281713420079612,4.320392608642578,0.5110478401184082,5.243771076202393,1.8906527757644653,0.0
3a4fc5e3a3a36a32.exe,C:\Users\VMLicenta\Desktop\Dataset\malware_dataset\worm\3a4fc5e3a3a36a32.exe,661380,13.402085352174355,6.074600632796846,5.252891540527344,1.1979093551635742,5.959156513214111,-0.0,0.0
3dc1da46e6f5b9fc.exe,C:\Users\VMLicenta\Desktop\Dataset\malware_dataset\worm\3dc1da46e6f5b9fc.exe,2615934,14.77713214415573,6.543754758267433,5.43367862701416,0.9954197406768799,7.140319347381592,1.6370818614959717,0.015625
3eabf4e909e889bf.exe,C:\Users\VMLicenta\Desktop\Dataset\malware_dataset\worm\3eabf4e909e889bf.exe,121344,11.706393007174437,6.415687203742873,4.778058052062988,1.7838698625564575,6.627206325531006,-0.0,0.0
3ee5a54480db0b8a.exe,C:\Users\VMLicenta\Desktop\Dataset\malware_dataset\worm\3ee5a54480db0b8a.exe,258048,12.460904768351384,6.372835289556347,5.332362174987793,1.026161789894104,6.081046104431152,-0.0,0.0
3f96ac5e0159aa4a.exe,C:\Users\VMLicenta\Desktop\Dataset\malware_dataset\worm\3f96ac5e0159aa4a.exe,43052,10.670187193839041,6.8435302702008105,5.393274307250977,2.0658023357391357,7.485256195068359,-0.0,0.484375
4d4cda3ce66f376d.exe,C:\Users\VMLicenta\Desktop\Dataset\malware_dataset\worm\4d4cda3ce66f376d.exe,103140,11.543852263117381,7.7849169509444405,6.6930317878723145,1.4008938074111938,7.294264316558838,-0.0,0.71875
4d5dff68622d9b54.exe,C:\Users\VMLicenta\Desktop\Dataset\malware_dataset\worm\4d5dff68622d9b54.exe,768000,13.551546314212295,6.5175133889674175,5.423219203948975,1.0533032417297363,7.143759250640869,0.7739642858505249,0.015625
4d61a61265cdd942.exe,C:\Users\VMLicenta\Desktop\Dataset\malware_dataset\worm\4d61a61265cdd942.exe,30016,10.309519166816033,7.834573929246246,6.775510787963867,1.3811389207839966,7.270183086395264,0.9946039319038391,0.90625
4e707c27c3654090.exe,C:\Users\VMLicenta\Desktop\Dataset\malware_dataset\worm\4e707c27c3654090.exe,991232,13.80670490172108,4.709217019330767,3.81923246383667,2.0137603282928467,5.659823417663574,-0.0,0.0
4eee23b77ca1c379.exe,C:\Users\VMLicenta\Desktop\Dataset\malware_dataset\worm\4eee23b77ca1c379.exe,2569149,14.759085662865488,6.543754758267433,5.43367862701416,0.9954197406768799,7.140319347381592,1.6370818614959717,0.015625
4f0790556072df83.exe,C:\Users\VMLicenta\Desktop\Dataset\malware_dataset\worm\4f0790556072df83.exe,163721,12.005925146510224,4.326649773676662,3.4391303062438965,1.1618870496749878,7.107645511627197,-0.0,0.015625
5ad3a6f576cd99a8.exe,C:\Users\VMLicenta\Desktop\Dataset\malware_dataset\worm\5ad3a6f576cd99a8.exe,159794,11.981647022713407,7.743481823475463,6.63552188873291,1.3628058433532715,7.20576810836792,0.8054434657096863,0.46875
5aece56e08069d2a.exe,C:\Users\VMLicenta\Desktop\Dataset\malware_dataset\worm\5aece56e08069d2a.exe,9865731,16.104577896409307,7.451087992605666,6.424921035766602,1.2926486730575562,7.1299848556518555,0.42539098858833313,0.015625
5b25f40581f5b9d2.exe,C:\Users\VMLicenta\Desktop\Dataset\malware_dataset\worm\5b25f40581f5b9d2.exe,291912,12.584211091650449,5.612489897637345,4.158905982971191,2.2232582569122314,5.955898761749268,-0.0,0.0
5b6430e115eb28e1.exe,C:\Users\VMLicenta\Desktop\Dataset\malware_dataset\worm\5b6430e115eb28e1.exe,241664,12.395307748593197,7.7697368037681995,6.688758373260498,1.305179476737976,7.2380523681640625,0.6104628443717957,0.515625
5d52e742c2293576.exe,C:\Users\VMLicenta\Desktop\Dataset\malware_dataset\worm\5d52e742c2293576.exe,91034328,18.326747235101585,5.0253475173904665,4.283347129821777,0.5611027479171753,5.158637523651123,1.9514758586883545,0.0
5d26835be2cf4f08.exe,C:\Users\VMLicenta\Desktop\Dataset\malware_dataset\worm\5d26835be2cf4f08.exe,323584,12.687217109569248,5.555185332602698,4.336865425109863,2.3244872093200684,6.270486831665039,-0.0,0.0
5fd6a9888f438acb.exe,C:\Users\VMLicenta\Desktop\Dataset\malware_dataset\worm\5fd6a9888f438acb.exe,3012760,14.918367492032255,6.295695782809561,5.378422737121582,1.0129538774490356,6.511762619018555,-0.0,0.0
06f2fef10fedbb77.exe,C:\Users\VMLicenta\Desktop\Dataset\malware_dataset\worm\06f2fef10fedbb77.exe,472064,13.06487196695069,5.768157674633123,4.7460455894470215,1.3409096002578735,5.72896146774292,-0.0,0.0
6a4ac7106f86dfc1.exe,C:\Users\VMLicenta\Desktop\Dataset\malware_dataset\worm\6a4ac7106f86dfc1.exe,1081344,13.893716194640326,6.154929283906296,5.187701225280762,1.3751715421676636,6.002728462219238,-0.0,0.0
6aac27448e10b45c.exe,C:\Users\VMLicenta\Desktop\Dataset\malware_dataset\worm\6aac27448e10b45c.exe,167636,12.029556206388545,5.956311563377536,5.234856128692627,1.149896264076233,5.790686130523682,-0.0,0.0
6c3c9af653a28977.exe,C:\Users\VMLicenta\Desktop\Dataset\malware_dataset\worm\6c3c9af653a28977.exe,22020,9.999751822506193,7.750295363233788,6.653273582458496,1.387827754020691,7.234713077545166,0.8032993078231812,0.625
6c37d14d5ad674e4.exe,C:\Users\VMLicenta\Desktop\Dataset\malware_dataset\worm\6c37d14d5ad674e4.exe,28864,10.270385067495035,7.749254240846151,6.6644086837768555,1.3951183557510376,7.214715480804443,0.6003625988960266,0.671875
6ce384777feb1be0.exe,C:\Users\VMLicenta\Desktop\Dataset\malware_dataset\worm\6ce384777feb1be0.exe,1330688,14.101207411171673,7.733924714482618,6.681746959686279,1.1672972440719604,7.122389316558838,1.1167938709259033,0.421875
6d7b896ce389f5cb.exe,C:\Users\VMLicenta\Desktop\Dataset\malware_dataset\worm\6d7b896ce389f5cb.exe,22020,9.999751822506193,7.750295363233788,6.653273582458496,1.387827754020691,7.234713077545166,0.8032993078231812,0.625
6f10fa3bdb3bfcf6.exe,C:\Users\VMLicenta\Desktop\Dataset\malware_dataset\worm\6f10fa3bdb3bfcf6.exe,536576,13.192965353587653,5.993180974650148,4.963520050048828,1.1612290143966675,6.078012466430664,-0.0,0.0
6fb0d82308b1003d.exe,C:\Users\VMLicenta\Desktop\Dataset\malware_dataset\worm\6fb0d82308b1003d.exe,2994659,14.912341260549953,6.543754758267433,5.43367862701416,0.9954197406768799,7.140319347381592,1.6370818614959717,0.015625
7b9ec6d387fa8905.exe,C:\Users\VMLicenta\Desktop\Dataset\malware_dataset\worm\7b9ec6d387fa8905.exe,225280,12.325103790862418,4.377498743909822,2.938913106918335,1.907791256904602,5.6118483543396,-0.0,0.0
7bae23fbfdb6dc3e.exe,C:\Users\VMLicenta\Desktop\Dataset\malware_dataset\worm\7bae23fbfdb6dc3e.exe,2957698,14.899922159130634,6.339103623676185,5.253085136413574,0.8881316781044006,5.98297643661499,-0.0,0.0
7bca70a81cc9e106.exe,C:\Users\VMLicenta\Desktop\Dataset\malware_dataset\worm\7bca70a81cc9e106.exe,30016,10.309519166816033,7.834573929246246,6.775510787963867,1.3811389207839966,7.270183086395264,0.9946039319038391,0.90625
7d1d7000e5028e13.exe,C:\Users\VMLicenta\Desktop\Dataset\malware_dataset\worm\7d1d7000e5028e13.exe,10800967,16.195146317707582,6.543754758267433,5.43367862701416,0.9954197406768799,7.140319347381592,1.6370818614959717,0.015625
7e3b3e88398c6bee.exe,C:\Users\VMLicenta\Desktop\Dataset\malware_dataset\worm\7e3b3e88398c6bee.exe,30080,10.311649022192036,7.834573929246246,6.775510787963867,1.3811389207839966,7.270183086395264,0.9946039319038391,0.90625
7fa702fb9a15c58a.exe,C:\Users\VMLicenta\Desktop\Dataset\malware_dataset\worm\7fa702fb9a15c58a.exe,22020,9.999751822506193,7.750295363233788,6.653273582458496,1.387827754020691,7.234713077545166,0.8032993078231812,0.625
7fb1ef9b5fbdebbb.exe,C:\Users\VMLicenta\Desktop\Dataset\malware_dataset\worm\7fb1ef9b5fbdebbb.exe,176128,12.078971960085742,4.139159067987517,2.9629876613616943,2.109562397003174,6.5426530838012695,-0.0,0.0
8d274190a406c8cf.exe,C:\Users\VMLicenta\Desktop\Dataset\malware_dataset\worm\8d274190a406c8cf.exe,5996,8.69901462316851,2.0703820336686136,1.0500476360321045,1.6685043573379517,5.8605122566223145,-0.0,0.0
9b2dd6b539336506.exe,C:\Users\VMLicenta\Desktop\Dataset\malware_dataset\worm\9b2dd6b539336506.exe,1160704,13.964538137092761,6.518261881222204,5.42375373840332,1.0514051914215088,7.143759250640869,0.7817767858505249,0.015625
9c269c9a79472832.exe,C:\Users\VMLicenta\Desktop\Dataset\malware_dataset\worm\9c269c9a79472832.exe,12361954,16.33013416900706,6.2955320906387895,5.392633438110352,1.0116363763809204,5.999345302581787,-0.0,0.0
9d32e36f3f8be224.exe,C:\Users\VMLicenta\Desktop\Dataset\malware_dataset\worm\9d32e36f3f8be224.exe,3024576,14.922281804958551,6.543754758267433,5.43367862701416,0.9954197406768799,7.140319347381592,1.6370818614959717,0.015625
9d651f48c785ac86.exe,C:\Users\VMLicenta\Desktop\Dataset\malware_dataset\worm\9d651f48c785ac86.exe,168096,12.032296472717528,7.732330903015795,6.585299491882324,1.3566683530807495,7.210631847381592,0.85948246717453,0.375
9e6dbb539512eaeb.exe,C:\Users\VMLicenta\Desktop\Dataset\malware_dataset\worm\9e6dbb539512eaeb.exe,6076,8.712266432135355,2.0862668038327805,1.0569889545440674,1.6859214305877686,5.8605122566223145,-0.0,0.0
9edbdfe197acf702.exe,C:\Users\VMLicenta\Desktop\Dataset\malware_dataset\worm\9edbdfe197acf702.exe,289148,12.574697405167795,6.317647239800047,5.302502632141113,0.9592535495758057,6.131113052368164,-0.0,0.0
11dee89c0ea7cb71.exe,C:\Users\VMLicenta\Desktop\Dataset\malware_dataset\worm\11dee89c0ea7cb71.exe,4445696,15.307447220036785,6.518204039315837,5.423884391784668,1.0511155128479004,7.143759250640869,0.7739642858505249,0.015625
11df6b403ee5a2e3.exe,C:\Users\VMLicenta\Desktop\Dataset\malware_dataset\worm\11df6b403ee5a2e3.exe,168877,12.036931839723511,4.985224977156795,3.535447120666504,1.8383104801177979,6.778977870941162,-0.0,0.0
15a5412c0cf0e1f2.exe,C:\Users\VMLicenta\Desktop\Dataset\malware_dataset\worm\15a5412c0cf0e1f2.exe,6097408,15.623374484811604,6.302875401070776,5.329506874084473,0.9975757002830505,6.108377933502197,-0.0,0.0
016c33b4df7b68f1.exe,C:\Users\VMLicenta\Desktop\Dataset\malware_dataset\worm\016c33b4df7b68f1.exe,121460,11.707348502580855,6.312159127314759,5.386152744293213,1.0359313488006592,6.619235992431641,-0.0,0.0
19b9b3ad61f98cea.exe,C:\Users\VMLicenta\Desktop\Dataset\malware_dataset\worm\19b9b3ad61f98cea.exe,6601,8.795127912413138,1.9208057343531924,0.9576709270477295,1.514668583869934,5.505739212036133,-0.0,0.0
20b49c0ad729a35b.exe,C:\Users\VMLicenta\Desktop\Dataset\malware_dataset\worm\20b49c0ad729a35b.exe,1316352,14.090375591980333,7.70212254839114,6.568248748779297,1.344393014907837,7.218307971954346,1.0884357690811157,0.453125
20b70efde2e80925.exe,C:\Users\VMLicenta\Desktop\Dataset\malware_dataset\worm\20b70efde2e80925.exe,3391913,15.036904921798934,6.543754758267433,5.43367862701416,0.9954197406768799,7.140319347381592,1.6370818614959717,0.015625
21f1b99116e1894e.exe,C:\Users\VMLicenta\Desktop\Dataset\malware_dataset\worm\21f1b99116e1894e.exe,148362,11.907417252482935,4.834449458840107,3.614062786102295,1.927122950553894,5.3664751052856445,-0.0,0.0
24f525574f14ab3e.exe,C:\Users\VMLicenta\Desktop\Dataset\malware_dataset\worm\24f525574f14ab3e.exe,590374,13.288513207198418,6.470377081125935,5.31987190246582,1.2641998529434204,7.140319347381592,-0.0,0.015625
026c3a6ca8d97570.exe,C:\Users\VMLicenta\Desktop\Dataset\malware_dataset\worm\026c3a6ca8d97570.exe,83968,11.338202962091572,5.824333276101379,4.312963485717773,2.145656108856201,7.068192958831787,-0.0,0.015625
27bac141911221e7.exe,C:\Users\VMLicenta\Desktop\Dataset\malware_dataset\worm\27bac141911221e7.exe,22020,9.999751822506193,7.750295363233788,6.653273582458496,1.387827754020691,7.234713077545166,0.8032993078231812,0.625
28af95bea8456409.exe,C:\Users\VMLicenta\Desktop\Dataset\malware_dataset\worm\28af95bea8456409.exe,220672,12.304437246745517,6.556250839809181,5.324391841888428,1.0130798816680908,6.154788017272949,-0.0,0.0
30a9291c7713404a.exe,C:\Users\VMLicenta\Desktop\Dataset\malware_dataset\worm\30a9291c7713404a.exe,1023725,13.838959470651176,6.022983057447322,4.929363250732422,1.3752167224884033,6.820055961608887,-0.0,0.0
31ad91d238a18c14.exe,C:\Users\VMLicenta\Desktop\Dataset\malware_dataset\worm\31ad91d238a18c14.exe,30080,10.311649022192036,7.834573929246246,6.775510787963867,1.3811389207839966,7.270183086395264,0.9946039319038391,0.90625
32f7738ad02e024f.exe,C:\Users\VMLicenta\Desktop\Dataset\malware_dataset\worm\32f7738ad02e024f.exe,2995457,14.912607699376274,6.543754758267433,5.43367862701416,0.9954197406768799,7.140319347381592,1.6370818614959717,0.015625
33d3f697332b0fc4.exe,C:\Users\VMLicenta\Desktop\Dataset\malware_dataset\worm\33d3f697332b0fc4.exe,140800,11.855102824953585,7.747414470335876,6.691300392150879,1.4667809009552002,7.25225305557251,0.3599274754524231,0.8125
38b1b7802b0fe3b4.exe,C:\Users\VMLicenta\Desktop\Dataset\malware_dataset\worm\38b1b7802b0fe3b4.exe,326637,12.6966078030259,5.017090023940305,3.9181461334228516,1.1882826089859009,5.94922399520874,-0.0,0.0
38f85b64a174a35e.exe,C:\Users\VMLicenta\Desktop\Dataset\malware_dataset\worm\38f85b64a174a35e.exe,3378273,15.032875486145059,6.543754758267433,5.43367862701416,0.9954197406768799,7.140319347381592,1.6370818614959717,0.015625
043aa63aec94b31a.exe,C:\Users\VMLicenta\Desktop\Dataset\malware_dataset\worm\043aa63aec94b31a.exe,3158096,14.96548018896882,6.473468165447303,5.372930526733398,0.8535979986190796,6.135650157928467,0.38876447081565857,0.0
43f33ebf187b9f3a.exe,C:\Users\VMLicenta\Desktop\Dataset\malware_dataset\worm\43f33ebf187b9f3a.exe,30080,10.311649022192036,7.834573929246246,6.775510787963867,1.3811389207839966,7.270183086395264,0.9946039319038391,0.90625
49cd6c22ba6cc6d9.exe,C:\Users\VMLicenta\Desktop\Dataset\malware_dataset\worm\49cd6c22ba6cc6d9.exe,441856,12.99874157930114,5.065504648563703,4.152510643005371,0.5119131803512573,5.12462854385376,1.8955163955688477,0.0
52c970b575040b26.exe,C:\Users\VMLicenta\Desktop\Dataset\malware_dataset\worm\52c970b575040b26.exe,135680,11.818061821281589,7.891259908207509,6.933108329772949,0.7991598844528198,7.274656772613525,1.6340723037719727,0.796875
53a1eebbb64c4925.exe,C:\Users\VMLicenta\Desktop\Dataset\malware_dataset\worm\53a1eebbb64c4925.exe,171256,12.050920631201484,6.297631784046162,5.378630638122559,1.017655611038208,6.5894880294799805,-0.0,0.0
56a7597a08d40b22.exe,C:\Users\VMLicenta\Desktop\Dataset\malware_dataset\worm\56a7597a08d40b22.exe,154652,11.94893917656716,7.7374629808569075,6.628894805908203,1.36300790309906,7.180906772613525,0.8083922266960144,0.4375
57d128c3e78403bb.exe,C:\Users\VMLicenta\Desktop\Dataset\malware_dataset\worm\57d128c3e78403bb.exe,101376,11.526601519953068,6.20340796553389,4.925480365753174,1.4024783372879028,6.0613017082214355,-0.0,0.0
063ae487b767c03b.exe,C:\Users\VMLicenta\Desktop\Dataset\malware_dataset\worm\063ae487b767c03b.exe,149686,11.916301726289516,5.908276764803298,4.7764892578125,0.96638023853302,5.889175891876221,-0.0,0.0
70ba0f73a0602d20.exe,C:\Users\VMLicenta\Desktop\Dataset\malware_dataset\worm\70ba0f73a0602d20.exe,17400,9.76428295481558,6.485049197412284,5.0347747802734375,1.6172956228256226,7.206411838531494,-0.0,0.0625
71a13ba4a3776cde.exe,C:\Users\VMLicenta\Desktop\Dataset\malware_dataset\worm\71a13ba4a3776cde.exe,591489,13.290400056086915,7.525251847475971,6.062376976013184,1.7955955266952515,7.248270511627197,2.39776611328125,0.703125
74e37b6f2f4a4192.exe,C:\Users\VMLicenta\Desktop\Dataset\malware_dataset\worm\74e37b6f2f4a4192.exe,176128,12.078971960085742,5.459068953167346,4.254607677459717,2.264662504196167,6.161223411560059,-0.0,0.0
75e150c19f29423a.exe,C:\Users\VMLicenta\Desktop\Dataset\malware_dataset\worm\75e150c19f29423a.exe,393216,12.882116901315456,6.742509437457221,5.5039520263671875,1.3490140438079834,7.231120586395264,-0.0,0.25
78b90fc914f4ce7b.exe,C:\Users\VMLicenta\Desktop\Dataset\malware_dataset\worm\78b90fc914f4ce7b.exe,64000,11.06665398721974,5.951594301516344,5.056802749633789,0.9855960607528687,6.06221342086792,-0.0,0.0
83d364c969b64ac7.exe,C:\Users\VMLicenta\Desktop\Dataset\malware_dataset\worm\83d364c969b64ac7.exe,517463,13.156695236484499,6.528355794306275,5.386462211608887,0.9979265928268433,6.182265281677246,-0.0,0.0
83eaedff3f924be2.exe,C:\Users\VMLicenta\Desktop\Dataset\malware_dataset\worm\83eaedff3f924be2.exe,8114176,15.90912333665899,6.1640407138959565,5.212303161621094,1.0315519571304321,6.64130163192749,-0.0,0.0
83f08985cb0b16f7.exe,C:\Users\VMLicenta\Desktop\Dataset\malware_dataset\worm\83f08985cb0b16f7.exe,320309,12.677044555840459,7.693005505489797,6.555743217468262,1.3350070714950562,7.209751129150391,1.1167938709259033,0.4375
91f6eb992888b3d2.exe,C:\Users\VMLicenta\Desktop\Dataset\malware_dataset\worm\91f6eb992888b3d2.exe,30080,10.311649022192036,7.834573929246246,6.775510787963867,1.3811389207839966,7.270183086395264,0.9946039319038391,0.90625
93e0a3cbd07c8c1e.exe,C:\Users\VMLicenta\Desktop\Dataset\malware_dataset\worm\93e0a3cbd07c8c1e.exe,292334,12.585655683924234,7.754958719511066,6.706589221954346,1.4120979309082031,7.25225305557251,0.3599274754524231,0.8125
98c5dae074c39178.exe,C:\Users\VMLicenta\Desktop\Dataset\malware_dataset\worm\98c5dae074c39178.exe,125810,11.742536059807348,5.79408205193687,4.552051544189453,1.4192219972610474,5.89456844329834,-0.0,0.0
130e9e8849b77a47.exe,C:\Users\VMLicenta\Desktop\Dataset\malware_dataset\worm\130e9e8849b77a47.exe,27136,10.208653389327727,7.871857092522269,6.844817161560059,1.3284555673599243,7.325904369354248,-0.0,0.9375
160e27a3657f4f3b.exe,C:\Users\VMLicenta\Desktop\Dataset\malware_dataset\worm\160e27a3657f4f3b.exe,2069559,14.542846582260918,5.607304191684588,4.360979080200195,2.346512794494629,6.5990729331970215,-0.0,0.0
192ede3dde0aa374.exe,C:\Users\VMLicenta\Desktop\Dataset\malware_dataset\worm\192ede3dde0aa374.exe,9963594,16.114448508211346,7.288873052002511,5.767232894897461,1.648768663406372,7.2463555335998535,-0.0,0.359375
237d4d3519c19e49.exe,C:\Users\VMLicenta\Desktop\Dataset\malware_dataset\worm\237d4d3519c19e49.exe,362144,12.799799963094364,6.201406318614015,5.231935024261475,0.9643001556396484,5.947171211242676,-0.0,0.0
270d199aa8ef1d8a.exe,C:\Users\VMLicenta\Desktop\Dataset\malware_dataset\worm\270d199aa8ef1d8a.exe,30080,10.311649022192036,7.834573929246246,6.775510787963867,1.3811389207839966,7.270183086395264,0.9946039319038391,0.90625
276a55013af5996b.exe,C:\Users\VMLicenta\Desktop\Dataset\malware_dataset\worm\276a55013af5996b.exe,741376,13.516264546827491,5.200274365904565,4.012543201446533,2.1107583045959473,5.741907119750977,-0.0,0.0
295cb7d68d38d06b.exe,C:\Users\VMLicenta\Desktop\Dataset\malware_dataset\worm\295cb7d68d38d06b.exe,3556152,15.084189900562112,6.3288508823852565,5.396102428436279,1.0243605375289917,6.459080219268799,-0.0,0.0
311a169948118631.exe,C:\Users\VMLicenta\Desktop\Dataset\malware_dataset\worm\311a169948118631.exe,3584,8.184513753033722,0.8138139574974711,0.4750148355960846,1.2849112749099731,5.476328372955322,-0.0,0.0
339a58827a0e3010.exe,C:\Users\VMLicenta\Desktop\Dataset\malware_dataset\worm\339a58827a0e3010.exe,9109737,16.024854509217747,7.451302633833624,6.4254889488220215,1.2914469242095947,7.1299848556518555,0.42539098858833313,0.015625
346afe6e12545448.exe,C:\Users\VMLicenta\Desktop\Dataset\malware_dataset\worm\346afe6e12545448.exe,47760,10.773964685870737,6.8435302702008105,5.393274307250977,2.0658023357391357,7.485256195068359,-0.0,0.484375
384ae60b037fa587.exe,C:\Users\VMLicenta\Desktop\Dataset\malware_dataset\worm\384ae60b037fa587.exe,273141,12.517747085457932,4.7795261312937365,3.4890172481536865,1.9343560934066772,5.435593605041504,-0.0,0.0
451fe418159b0826.exe,C:\Users\VMLicenta\Desktop\Dataset\malware_dataset\worm\451fe418159b0826.exe,2209280,14.608177681193087,6.51857279435592,5.423707485198975,1.0515567064285278,7.143759250640869,0.7817767858505249,0.015625
493c63489f594c10.exe,C:\Users\VMLicenta\Desktop\Dataset\malware_dataset\worm\493c63489f594c10.exe,86528,11.368234896848463,7.749803702994942,6.696764945983887,1.4462050199508667,7.25225305557251,0.3599274754524231,0.8125
616fb612b824f7b2.exe,C:\Users\VMLicenta\Desktop\Dataset\malware_dataset\worm\616fb612b824f7b2.exe,444988,13.005804841741732,4.484994701187125,3.0893943309783936,1.3552329540252686,5.4776387214660645,-0.0,0.0
639a920f5fcf111a.exe,C:\Users\VMLicenta\Desktop\Dataset\malware_dataset\worm\639a920f5fcf111a.exe,2569400,14.759183355775491,6.543754758267433,5.43367862701416,0.9954197406768799,7.140319347381592,1.6370818614959717,0.015625
659f26b02937b33a.exe,C:\Users\VMLicenta\Desktop\Dataset\malware_dataset\worm\659f26b02937b33a.exe,130787,11.781332970677312,7.91483760919583,6.942768096923828,1.0821510553359985,7.2672343254089355,1.0326385498046875,0.953125
668f0c386b3bbb4b.exe,C:\Users\VMLicenta\Desktop\Dataset\malware_dataset\worm\668f0c386b3bbb4b.exe,3608,8.19118600464279,1.3888632075235148,0.7749987840652466,1.6612273454666138,6.221682548522949,-0.0,0.0
679b59833167989d.exe,C:\Users\VMLicenta\Desktop\Dataset\malware_dataset\worm\679b59833167989d.exe,102400,11.536651757164861,3.51499882923216,2.460531234741211,1.5522871017456055,5.064483165740967,-0.0,0.0
807f30b42ef9a981.exe,C:\Users\VMLicenta\Desktop\Dataset\malware_dataset\worm\807f30b42ef9a981.exe,1785376,14.395140155377142,6.162736681747668,5.216732978820801,0.8070013523101807,5.994279861450195,0.6182753443717957,0.0
869d7bedc22424a8.exe,C:\Users\VMLicenta\Desktop\Dataset\malware_dataset\worm\869d7bedc22424a8.exe,102806,11.540608723070166,4.1351657038257486,2.709739923477173,2.1933655738830566,6.620070934295654,-0.0,0.0
909f4dbdb2085d10.exe,C:\Users\VMLicenta\Desktop\Dataset\malware_dataset\worm\909f4dbdb2085d10.exe,9865449,16.104549312211965,7.451350112198661,6.425576686859131,1.291263222694397,7.1299848556518555,0.42539098858833313,0.015625
922fd381a1865ec3.exe,C:\Users\VMLicenta\Desktop\Dataset\malware_dataset\worm\922fd381a1865ec3.exe,40448,10.607797200302183,5.2136928768012485,4.362586975097656,0.4949822425842285,5.1311354637146,1.6837921142578125,0.0
973c7137d6a2921d.exe,C:\Users\VMLicenta\Desktop\Dataset\malware_dataset\worm\973c7137d6a2921d.exe,114176,11.645505154869344,7.749865939164049,6.695888996124268,1.4493147134780884,7.25225305557251,0.3599274754524231,0.8125
990e994baa5137d4.exe,C:\Users\VMLicenta\Desktop\Dataset\malware_dataset\worm\990e994baa5137d4.exe,9864835,16.104487072870864,7.451290774779634,6.4253411293029785,1.2917582988739014,7.1299848556518555,0.42539098858833313,0.015625
1280e38562fbb405.exe,C:\Users\VMLicenta\Desktop\Dataset\malware_dataset\worm\1280e38562fbb405.exe,227328,12.334153586392237,7.784476688708796,6.730623245239258,1.2420152425765991,7.225376129150391,0.9554347991943359,0.640625
1490af5dc5fa09c6.exe,C:\Users\VMLicenta\Desktop\Dataset\malware_dataset\worm\1490af5dc5fa09c6.exe,13104040,16.38843121388572,6.311950036484954,5.367764472961426,1.0133110284805298,6.793759822845459,-0.0,0.0
1635ec04f069ccc8.exe,C:\Users\VMLicenta\Desktop\Dataset\malware_dataset\worm\1635ec04f069ccc8.exe,26616,10.189305388378159,5.93285643342831,4.797107696533203,1.7954052686691284,7.140810489654541,-0.0,0.015625
1760c5727e5568d3.exe,C:\Users\VMLicenta\Desktop\Dataset\malware_dataset\worm\1760c5727e5568d3.exe,28864,10.270385067495035,7.749254240846151,6.6644086837768555,1.3951183557510376,7.214715480804443,0.6003625988960266,0.671875
2203aee0b80c34ae.exe,C:\Users\VMLicenta\Desktop\Dataset\malware_dataset\worm\2203aee0b80c34ae.exe,1563104,14.262184785650119,6.539541788396651,5.213683128356934,0.8332692384719849,6.101333141326904,0.38876447081565857,0.0
02605df1299e8107.exe,C:\Users\VMLicenta\Desktop\Dataset\malware_dataset\worm\02605df1299e8107.exe,2579058,14.762935161685947,6.543754758267433,5.43367862701416,0.9954197406768799,7.140319347381592,1.6370818614959717,0.015625
6039aa551a784303.exe,C:\Users\VMLicenta\Desktop\Dataset\malware_dataset\worm\6039aa551a784303.exe,103140,11.543852263117381,7.790214719190166,6.702879905700684,1.4041692018508911,7.354849338531494,-0.0,0.71875
8403b30af66671e8.exe,C:\Users\VMLicenta\Desktop\Dataset\malware_dataset\worm\8403b30af66671e8.exe,162060,11.995728086549795,7.727625884782042,6.597564697265625,1.3689056634902954,7.184889316558838,0.8054434657096863,0.453125
9303baf8bfa69673.exe,C:\Users\VMLicenta\Desktop\Dataset\malware_dataset\worm\9303baf8bfa69673.exe,160122,11.983697548879034,5.61203177895571,4.393332004547119,2.3300230503082275,6.074387550354004,-0.0,0.0
45592b9f824aaa14.exe,C:\Users\VMLicenta\Desktop\Dataset\malware_dataset\worm\45592b9f824aaa14.exe,9963594,16.114448508211346,7.288752836129814,5.766770362854004,1.6493425369262695,7.2463555335998535,-0.0,0.359375
57940dd96f0fe583.exe,C:\Users\VMLicenta\Desktop\Dataset\malware_dataset\worm\57940dd96f0fe583.exe,43683,10.684737181317619,6.2594980244461205,5.197855472564697,1.1544934511184692,6.016626834869385,-0.0,0.0
61104be7666d4282.exe,C:\Users\VMLicenta\Desktop\Dataset\malware_dataset\worm\61104be7666d4282.exe,112731,11.632768599387452,6.131727640435317,5.464541912078857,1.0901286602020264,6.058748722076416,0.85948246717453,0.0
73332d6d7234daaf.exe,C:\Users\VMLicenta\Desktop\Dataset\malware_dataset\worm\73332d6d7234daaf.exe,204800,12.22979405494807,3.6857742242584064,2.5373892784118652,1.7635622024536133,5.272775173187256,-0.0,0.0
77186e57b2eeb3ed.exe,C:\Users\VMLicenta\Desktop\Dataset\malware_dataset\worm\77186e57b2eeb3ed.exe,30016,10.309519166816033,7.834573929246246,6.775510787963867,1.3811389207839966,7.270183086395264,0.9946039319038391,0.90625
270496a7295b2014.exe,C:\Users\VMLicenta\Desktop\Dataset\malware_dataset\worm\270496a7295b2014.exe,138240,11.836753817808015,7.852808679666672,6.810525894165039,1.4033865928649902,7.2854180335998535,-0.0,0.90625
281648d3f16fa8c9.exe,C:\Users\VMLicenta\Desktop\Dataset\malware_dataset\worm\281648d3f16fa8c9.exe,4608,8.435766192720509,1.4263803709970473,0.8750823736190796,1.6350617408752441,4.98472785949707,-0.0,0.0
378059b27606eae8.exe,C:\Users\VMLicenta\Desktop\Dataset\malware_dataset\worm\378059b27606eae8.exe,209610,12.253008710967979,6.710922111532038,5.477548599243164,1.4536793231964111,7.2771148681640625,-0.0,0.265625
510827ce687ad005.exe,C:\Users\VMLicenta\Desktop\Dataset\malware_dataset\worm\510827ce687ad005.exe,28864,10.270385067495035,7.749254240846151,6.6644086837768555,1.3951183557510376,7.214715480804443,0.6003625988960266,0.671875
734098da5181ec0d.exe,C:\Users\VMLicenta\Desktop\Dataset\malware_dataset\worm\734098da5181ec0d.exe,359833,12.79339809297676,6.449805289900462,4.9224653244018555,1.008175015449524,5.950193405151367,-0.0,0.0
1192482f9f8f87a0.exe,C:\Users\VMLicenta\Desktop\Dataset\malware_dataset\worm\1192482f9f8f87a0.exe,164980,12.01358559473712,6.0603006313486425,5.226893424987793,1.3247747421264648,6.00136137008667,-0.0,0.0
358823901c4f0829.exe,C:\Users\VMLicenta\Desktop\Dataset\malware_dataset\worm\358823901c4f0829.exe,771584,13.556202119700332,6.515708651553559,5.42080545425415,1.0646095275878906,7.143759250640869,0.5925500988960266,0.015625
493813116f32ad6f.exe,C:\Users\VMLicenta\Desktop\Dataset\malware_dataset\worm\493813116f32ad6f.exe,22024,9.999933450804381,7.750295363233788,6.653273582458496,1.387827754020691,7.234713077545166,0.8032993078231812,0.625
23361735678f37d7.exe,C:\Users\VMLicenta\Desktop\Dataset\malware_dataset\worm\23361735678f37d7.exe,22020,9.999751822506193,7.750295363233788,6.653273582458496,1.387827754020691,7.234713077545166,0.8032993078231812,0.625
43297156551920af.exe,C:\Users\VMLicenta\Desktop\Dataset\malware_dataset\worm\43297156551920af.exe,40960,10.620375673477872,5.195430010731924,4.347186088562012,0.48173490166664124,5.13788366317749,1.6618825197219849,0.0
a01a791360b08647.exe,C:\Users\VMLicenta\Desktop\Dataset\malware_dataset\worm\a01a791360b08647.exe,6506,8.780633799494984,2.2217014176621763,1.1349974870681763,1.6762279272079468,5.8605122566223145,-0.0,0.0
a2bf7e2d657258fc.exe,C:\Users\VMLicenta\Desktop\Dataset\malware_dataset\worm\a2bf7e2d657258fc.exe,350208,12.766285398103888,5.186745475746548,4.373992443084717,0.5267894268035889,5.095942974090576,1.9064111709594727,0.0
a4e3a51d3bafd44b.exe,C:\Users\VMLicenta\Desktop\Dataset\malware_dataset\worm\a4e3a51d3bafd44b.exe,78336,11.268775311873341,6.767754885254919,5.533662796020508,1.4438259601593018,7.255591869354248,-0.0,0.265625
a9eb9c3478f1f5c2.exe,C:\Users\VMLicenta\Desktop\Dataset\malware_dataset\worm\a9eb9c3478f1f5c2.exe,28864,10.270385067495035,7.749254240846151,6.6644086837768555,1.3951183557510376,7.214715480804443,0.6003625988960266,0.671875
a018a79a0a2ef5a2.exe,C:\Users\VMLicenta\Desktop\Dataset\malware_dataset\worm\a018a79a0a2ef5a2.exe,3475456,15.061236539125611,6.518720433455851,5.423838138580322,1.0511270761489868,7.143759250640869,0.7817767858505249,0.015625
a61eb7d1ab57b286.exe,C:\Users\VMLicenta\Desktop\Dataset\malware_dataset\worm\a61eb7d1ab57b286.exe,228939,12.341215239472467,7.8647260160266335,6.790616035461426,1.259896159172058,7.272251129150391,1.3444068431854248,0.890625
a75b191160d2abbe.exe,C:\Users\VMLicenta\Desktop\Dataset\malware_dataset\worm\a75b191160d2abbe.exe,818678,13.615447344614163,6.414962938891826,5.348056793212891,0.9172080755233765,6.1201252937316895,-0.0,0.0
a865db64819d48be.exe,C:\Users\VMLicenta\Desktop\Dataset\malware_dataset\worm\a865db64819d48be.exe,1449984,14.187063769515662,5.06840525636762,3.962733268737793,2.0658178329467773,5.951679706573486,-0.0,0.0
a2008f02a0367b03.exe,C:\Users\VMLicenta\Desktop\Dataset\malware_dataset\worm\a2008f02a0367b03.exe,103140,11.543852263117381,7.7980318224193095,6.717070579528809,1.4043560028076172,7.282622337341309,-0.0,0.734375
a2225b2e2ebf06a8.exe,C:\Users\VMLicenta\Desktop\Dataset\malware_dataset\worm\a2225b2e2ebf06a8.exe,9963705,16.11445964870649,7.288144486870346,5.766556739807129,1.6496094465255737,7.2463555335998535,-0.0,0.359375
a3971683f5afa60b.exe,C:\Users\VMLicenta\Desktop\Dataset\malware_dataset\worm\a3971683f5afa60b.exe,25552,10.14851000556878,6.101835691555214,5.040450096130371,1.5356969833374023,6.333678722381592,0.21310128271579742,0.0
aa7c68bbb7a270ae.exe,C:\Users\VMLicenta\Desktop\Dataset\malware_dataset\worm\aa7c68bbb7a270ae.exe,1044480,13.859030669291528,4.791237459774915,3.7785425186157227,1.986337423324585,5.374016284942627,-0.0,0.0
aae8a9852809300d.exe,C:\Users\VMLicenta\Desktop\Dataset\malware_dataset\worm\aae8a9852809300d.exe,463872,13.047366086847271,5.1680294761529435,3.6066365242004395,1.6749513149261475,6.32050085067749,-0.0,0.0
afc713dd1c6daee2.exe,C:\Users\VMLicenta\Desktop\Dataset\malware_dataset\worm\afc713dd1c6daee2.exe,2679773,14.801243020572995,6.543754758267433,5.43367862701416,0.9954197406768799,7.140319347381592,1.6370818614959717,0.015625
b2fa6edaa5ffc51d.exe,C:\Users\VMLicenta\Desktop\Dataset\malware_dataset\worm\b2fa6edaa5ffc51d.exe,106496,11.575872094720777,5.466584843911737,4.22737979888916,2.278170585632324,6.074404716491699,-0.0,0.0
b03a064f1ff98dae.exe,C:\Users\VMLicenta\Desktop\Dataset\malware_dataset\worm\b03a064f1ff98dae.exe,290288,12.578632257458775,5.6134933868728885,4.158888816833496,2.22330641746521,5.955898761749268,-0.0,0.0
b8a3d6fb9df78b36.exe,C:\Users\VMLicenta\Desktop\Dataset\malware_dataset\worm\b8a3d6fb9df78b36.exe,98304,11.495830169541591,6.7786578493804255,5.510900020599365,1.4884710311889648,7.29951810836792,-0.0,0.28125
b8e40ed3d1f01fd7.exe,C:\Users\VMLicenta\Desktop\Dataset\malware_dataset\worm\b8e40ed3d1f01fd7.exe,124416,11.731394105899195,6.341028002479723,4.885566711425781,3.082307815551758,7.274166107177734,-0.0,0.484375
b76fddc1b3784672.exe,C:\Users\VMLicenta\Desktop\Dataset\malware_dataset\worm\b76fddc1b3784672.exe,8216018,15.921596343148714,5.620468302811451,4.581482887268066,0.8413464426994324,5.683260917663574,-0.0,0.0
b82b7a6c94255196.exe,C:\Users\VMLicenta\Desktop\Dataset\malware_dataset\worm\b82b7a6c94255196.exe,78336,11.268775311873341,6.715632197959428,5.490994453430176,1.4328926801681519,7.283012390136719,-0.0,0.25
b511d6e13c1d4b90.exe,C:\Users\VMLicenta\Desktop\Dataset\malware_dataset\worm\b511d6e13c1d4b90.exe,5571584,15.533190131567535,6.518287392507496,5.424128532409668,1.0501763820648193,7.143759250640869,0.7817767858505249,0.015625
b634a8041412c63c.exe,C:\Users\VMLicenta\Desktop\Dataset\malware_dataset\worm\b634a8041412c63c.exe,4148224,15.238191089869135,6.519054816222685,5.424006462097168,1.0505757331848145,7.143759250640869,0.7817767858505249,0.015625
b2684d946ac54dad.exe,C:\Users\VMLicenta\Desktop\Dataset\malware_dataset\worm\b2684d946ac54dad.exe,2315760,14.65524891718596,6.389832886423721,5.379939079284668,0.8953714370727539,6.010400772094727,-0.0,0.0
b4881a59d74b3cf7.exe,C:\Users\VMLicenta\Desktop\Dataset\malware_dataset\worm\b4881a59d74b3cf7.exe,103936,11.55154022534043,5.867120872504463,4.4437127113342285,1.7228103876113892,7.058312892913818,-0.0,0.046875
b0177005b293c7ec.exe,C:\Users\VMLicenta\Desktop\Dataset\malware_dataset\worm\b0177005b293c7ec.exe,6368,8.759197750371365,1.8112638129467336,0.9031637907028198,1.5552960634231567,5.70412015914917,-0.0,0.0
ba33557588d8b323.exe,C:\Users\VMLicenta\Desktop\Dataset\malware_dataset\worm\ba33557588d8b323.exe,1563240,14.262271788176445,5.376042458089779,4.238019943237305,2.2528610229492188,5.903190612792969,-0.0,0.0
bcf198dcad63d6b5.exe,C:\Users\VMLicenta\Desktop\Dataset\malware_dataset\worm\bcf198dcad63d6b5.exe,2944442,14.895430223054074,6.543754758267433,5.43367862701416,0.9954197406768799,7.140319347381592,1.6370818614959717,0.015625
bd113ea6d2915f0e.exe,C:\Users\VMLicenta\Desktop\Dataset\malware_dataset\worm\bd113ea6d2915f0e.exe,8812726,15.991707484636155,6.292717635023101,5.374956130981445,1.0254483222961426,6.487913131713867,-0.0,0.0
be7ee9e8a4a12d6e.exe,C:\Users\VMLicenta\Desktop\Dataset\malware_dataset\worm\be7ee9e8a4a12d6e.exe,9864835,16.104487072870864,7.4514333573539115,6.425738334655762,1.290924310684204,7.1299848556518555,0.42539098858833313,0.015625
bff21e43283307fe.exe,C:\Users\VMLicenta\Desktop\Dataset\malware_dataset\worm\bff21e43283307fe.exe,75264,11.228770498294605,5.304678956485358,4.41574764251709,0.5266261696815491,5.4608893394470215,1.7821440696716309,0.0
bff086a97125cc20.exe,C:\Users\VMLicenta\Desktop\Dataset\malware_dataset\worm\bff086a97125cc20.exe,1268224,14.053128843032795,5.5513607113484404,4.855186462402344,0.8434379696846008,5.458634376525879,-0.0,0.0
c6eded88237526dd.exe,C:\Users\VMLicenta\Desktop\Dataset\malware_dataset\worm\c6eded88237526dd.exe,8114176,15.90912333665899,6.162585050480033,5.21071720123291,1.0315375328063965,6.732367992401123,-0.0,0.0
c8a694546e269ac4.exe,C:\Users\VMLicenta\Desktop\Dataset\malware_dataset\worm\c8a694546e269ac4.exe,9864665,16.10446983979524,7.451023032253888,6.4240007400512695,1.2946256399154663,7.1299848556518555,0.42539098858833313,0.015625
c8fffb2e737514c5.exe,C:\Users\VMLicenta\Desktop\Dataset\malware_dataset\worm\c8fffb2e737514c5.exe,29568,10.294481794215836,7.844883331317121,6.8156538009643555,1.3146060705184937,7.302466869354248,1.1653375625610352,0.90625
c45a330cf80c3397.exe,C:\Users\VMLicenta\Desktop\Dataset\malware_dataset\worm\c45a330cf80c3397.exe,30016,10.309519166816033,7.834573929246246,6.775510787963867,1.3811389207839966,7.270183086395264,0.9946039319038391,0.90625
c22665c773d8bbc0.exe,C:\Users\VMLicenta\Desktop\Dataset\malware_dataset\worm\c22665c773d8bbc0.exe,416768,12.940287390455632,5.503240823289747,4.567203521728516,1.1262048482894897,6.517520904541016,-0.0,0.0
c111825cd9ce4d7b.exe,C:\Users\VMLicenta\Desktop\Dataset\malware_dataset\worm\c111825cd9ce4d7b.exe,164529,12.010848203380696,6.1495340337530076,4.998281478881836,1.556290626525879,5.999503135681152,-0.0,0.0
c38516121f8ead42.exe,C:\Users\VMLicenta\Desktop\Dataset\malware_dataset\worm\c38516121f8ead42.exe,11618695,16.26812608278106,6.543754758267433,5.43367862701416,0.9954197406768799,7.140319347381592,1.6370818614959717,0.015625
cd59ef9b32190f83.exe,C:\Users\VMLicenta\Desktop\Dataset\malware_dataset\worm\cd59ef9b32190f83.exe,44032,10.692694631790944,5.481408798921702,4.400029182434082,0.6111902594566345,5.516643047332764,1.7082635164260864,0.0
cdbc54f3e2f91b44.exe,C:\Users\VMLicenta\Desktop\Dataset\malware_dataset\worm\cdbc54f3e2f91b44.exe,127321,11.754474589723799,5.145601201095007,3.864021062850952,2.5256261825561523,6.013768196105957,-0.0,0.0
ce1a6cda72e71648.exe,C:\Users\VMLicenta\Desktop\Dataset\malware_dataset\worm\ce1a6cda72e71648.exe,30080,10.311649022192036,7.834573929246246,6.775510787963867,1.3811389207839966,7.270183086395264,0.9946039319038391,0.90625
ce6102a9f4d29bf3.exe,C:\Users\VMLicenta\Desktop\Dataset\malware_dataset\worm\ce6102a9f4d29bf3.exe,1058304,13.87217912962891,7.8859294426732545,6.880916595458984,1.2108937501907349,7.34639310836792,1.1089813709259033,0.9375
ce2700966f2ce633.exe,C:\Users\VMLicenta\Desktop\Dataset\malware_dataset\worm\ce2700966f2ce633.exe,434565,12.982103110886316,5.449608286640567,4.333701133728027,2.2876932621002197,6.008089542388916,-0.0,0.0
cfa1b613290dd96e.exe,C:\Users\VMLicenta\Desktop\Dataset\malware_dataset\worm\cfa1b613290dd96e.exe,1214464,14.0098142085653,6.137897762586631,5.223859786987305,0.8923753499984741,5.891831874847412,-0.0,0.0
d3b0746f4054ae89.exe,C:\Users\VMLicenta\Desktop\Dataset\malware_dataset\worm\d3b0746f4054ae89.exe,8240082,15.924520974650457,5.61907869494583,4.5804524421691895,0.8435382843017578,5.683260917663574,-0.0,0.0
d7ec3fcd80b3961e.exe,C:\Users\VMLicenta\Desktop\Dataset\malware_dataset\worm\d7ec3fcd80b3961e.exe,85713,11.358771451804081,7.746775799223858,6.690183639526367,1.4707987308502197,7.25225305557251,0.3599274754524231,0.8125
d25c1d1423ed31b5.exe,C:\Users\VMLicenta\Desktop\Dataset\malware_dataset\worm\d25c1d1423ed31b5.exe,421888,12.952497525243501,4.049999970812518,2.810546875,1.568637490272522,5.188538074493408,-0.0,0.0
d98ca9de107c1f0c.exe,C:\Users\VMLicenta\Desktop\Dataset\malware_dataset\worm\d98ca9de107c1f0c.exe,309218,12.641805042707885,7.865478011387602,6.849745750427246,1.3009259700775146,7.284536838531494,1.0542370080947876,0.9375
d845a27df63f11be.exe,C:\Users\VMLicenta\Desktop\Dataset\malware_dataset\worm\d845a27df63f11be.exe,2819088,14.85192434107713,6.41187911569129,5.209138870239258,1.0819653272628784,7.1266093254089355,0.7297846674919128,0.015625
d947f93d535ff09d.exe,C:\Users\VMLicenta\Desktop\Dataset\malware_dataset\worm\d947f93d535ff09d.exe,9864835,16.104487072870864,7.451054539207329,6.424914836883545,1.2926615476608276,7.1299848556518555,0.42539098858833313,0.015625
d80119e2594df87d.exe,C:\Users\VMLicenta\Desktop\Dataset\malware_dataset\worm\d80119e2594df87d.exe,1469952,14.200740985454663,6.518468358468162,5.423716068267822,1.0518065690994263,7.143759250640869,0.7661517858505249,0.015625
da3ff4dab527f1ca.exe,C:\Users\VMLicenta\Desktop\Dataset\malware_dataset\worm\da3ff4dab527f1ca.exe,2565421,14.757633545471831,6.543754758267433,5.43367862701416,0.9954197406768799,7.140319347381592,1.6370818614959717,0.015625
dc2f1f9cee158778.exe,C:\Users\VMLicenta\Desktop\Dataset\malware_dataset\worm\dc2f1f9cee158778.exe,2700221,14.808844549816719,6.543754758267433,5.43367862701416,0.9954197406768799,7.140319347381592,1.6370818614959717,0.015625
dc4eaedb7bd7ab1e.exe,C:\Users\VMLicenta\Desktop\Dataset\malware_dataset\worm\dc4eaedb7bd7ab1e.exe,2576399,14.761903633654873,6.543754758267433,5.43367862701416,0.9954197406768799,7.140319347381592,1.6370818614959717,0.015625
ddd60301114f7867.exe,C:\Users\VMLicenta\Desktop\Dataset\malware_dataset\worm\ddd60301114f7867.exe,10000,9.210440366976517,3.7672837944981223,2.3500723838806152,2.3850324153900146,5.998045444488525,-0.0,0.0
deb03628464fb30a.exe,C:\Users\VMLicenta\Desktop\Dataset\malware_dataset\worm\deb03628464fb30a.exe,1589480,14.278918105817072,6.3702771807334715,5.369038105010986,0.8655604124069214,6.177789211273193,0.07372691482305527,0.0
e2fd067ce5ed38b7.exe,C:\Users\VMLicenta\Desktop\Dataset\malware_dataset\worm\e2fd067ce5ed38b7.exe,2578075,14.76255394226396,6.543754758267433,5.43367862701416,0.9954197406768799,7.140319347381592,1.6370818614959717,0.015625
e3ab7fad9178ec1e.exe,C:\Users\VMLicenta\Desktop\Dataset\malware_dataset\worm\e3ab7fad9178ec1e.exe,599340,13.303585997254878,6.470377081125935,5.31987190246582,1.2641998529434204,7.140319347381592,-0.0,0.015625
e3c276e27c5325d8.exe,C:\Users\VMLicenta\Desktop\Dataset\malware_dataset\worm\e3c276e27c5325d8.exe,740243,13.514735140561182,5.856992330378876,4.924909591674805,0.9794976711273193,5.840539932250977,-0.0,0.0
e6f44e22a12e5e49.exe,C:\Users\VMLicenta\Desktop\Dataset\malware_dataset\worm\e6f44e22a12e5e49.exe,2471424,14.720305465324945,6.519414423583055,5.424978256225586,1.0474157333374023,7.143759250640869,0.7817767858505249,0.015625
e9a85be6baa40ee6.exe,C:\Users\VMLicenta\Desktop\Dataset\malware_dataset\worm\e9a85be6baa40ee6.exe,64512,11.07462203286291,5.9699040590973915,5.066171169281006,0.9899253845214844,6.02756929397583,-0.0,0.0
e17ec173f231d474.exe,C:\Users\VMLicenta\Desktop\Dataset\malware_dataset\worm\e17ec173f231d474.exe,519680,13.160970440774628,6.29301807507597,5.191343307495117,0.9461503624916077,5.934053897857666,-0.0,0.0
e21addfbc364c309.exe,C:\Users\VMLicenta\Desktop\Dataset\malware_dataset\worm\e21addfbc364c309.exe,103140,11.543852263117381,7.788140586132015,6.705228328704834,1.4007683992385864,7.310923099517822,-0.0,0.734375
e41b601b827be4de.exe,C:\Users\VMLicenta\Desktop\Dataset\malware_dataset\worm\e41b601b827be4de.exe,213504,12.271415530580338,4.889731235032996,4.073108673095703,0.49501001834869385,5.105656147003174,1.7588449716567993,0.0
e41eac343f994a3d.exe,C:\Users\VMLicenta\Desktop\Dataset\malware_dataset\worm\e41eac343f994a3d.exe,87342592,18.285348794154384,6.52039677486803,5.426337242126465,1.0418295860290527,7.143759250640869,0.8466257452964783,0.015625
e62a4d2388572608.exe,C:\Users\VMLicenta\Desktop\Dataset\malware_dataset\worm\e62a4d2388572608.exe,9864777,16.10448119338432,7.45139110133969,6.42574405670166,1.29091215133667,7.1299848556518555,0.42539098858833313,0.015625
e68ebecd17bb8e91.exe,C:\Users\VMLicenta\Desktop\Dataset\malware_dataset\worm\e68ebecd17bb8e91.exe,91481,11.423897510599963,5.301849636447322,3.8915181159973145,2.134580135345459,5.806567192077637,-0.0,0.0
e33165272a983744.exe,C:\Users\VMLicenta\Desktop\Dataset\malware_dataset\worm\e33165272a983744.exe,85504,11.356330132747154,6.655350741331944,5.146710395812988,2.5247833728790283,7.199870586395264,-0.0,0.25
ead01383f9da3492.exe,C:\Users\VMLicenta\Desktop\Dataset\malware_dataset\worm\ead01383f9da3492.exe,184320,12.12443408182217,5.415738732550636,4.192209243774414,2.224398374557495,5.991969585418701,-0.0,0.0
ebd9a4e12b3185a3.exe,C:\Users\VMLicenta\Desktop\Dataset\malware_dataset\worm\ebd9a4e12b3185a3.exe,215040,12.278583986603728,5.776485004325865,4.447429656982422,1.2735778093338013,5.619716644287109,-0.0,0.0
ee9378542050d13b.exe,C:\Users\VMLicenta\Desktop\Dataset\malware_dataset\worm\ee9378542050d13b.exe,1503232,14.223128680007003,4.8134884134574065,3.8783442974090576,2.0464720726013184,5.962429046630859,-0.0,0.0
ef46ce9b1261d99b.exe,C:\Users\VMLicenta\Desktop\Dataset\malware_dataset\worm\ef46ce9b1261d99b.exe,2925022,14.888812901865043,6.543754758267433,5.43367862701416,0.9954197406768799,7.140319347381592,1.6370818614959717,0.015625
efff6e94dd295d18.exe,C:\Users\VMLicenta\Desktop\Dataset\malware_dataset\worm\efff6e94dd295d18.exe,209481,12.252393095798679,6.497604850400285,5.404914855957031,1.0498476028442383,6.767425060272217,0.7219721674919128,0.0
f1da2af4d0337448.exe,C:\Users\VMLicenta\Desktop\Dataset\malware_dataset\worm\f1da2af4d0337448.exe,160204,11.984209524115611,5.600958083747843,4.38721227645874,2.3265607357025146,6.061711311340332,-0.0,0.0
f3d77292e6ac34f5.exe,C:\Users\VMLicenta\Desktop\Dataset\malware_dataset\worm\f3d77292e6ac34f5.exe,212480,12.266607851584432,6.584091386815858,5.247688293457031,1.0337039232254028,6.099451541900635,-0.0,0.0
f4d020a89319d3b2.exe,C:\Users\VMLicenta\Desktop\Dataset\malware_dataset\worm\f4d020a89319d3b2.exe,30080,10.311649022192036,7.834573929246246,6.775510787963867,1.3811389207839966,7.270183086395264,0.9946039319038391,0.90625
f7da207fd5dfef41.exe,C:\Users\VMLicenta\Desktop\Dataset\malware_dataset\worm\f7da207fd5dfef41.exe,30080,10.311649022192036,7.834573929246246,6.775510787963867,1.3811389207839966,7.270183086395264,0.9946039319038391,0.90625
f8c306717404e547.exe,C:\Users\VMLicenta\Desktop\Dataset\malware_dataset\worm\f8c306717404e547.exe,2795976,14.843692156264808,5.932878314412011,4.718206405639648,0.8978171944618225,6.049734115600586,1.4612979888916016,0.0
f09c7746bf68e773.exe,C:\Users\VMLicenta\Desktop\Dataset\malware_dataset\worm\f09c7746bf68e773.exe,2916340,14.885840306288708,6.543754758267433,5.43367862701416,0.9954197406768799,7.140319347381592,1.6370818614959717,0.015625
f09ec41136e8e5e5.exe,C:\Users\VMLicenta\Desktop\Dataset\malware_dataset\worm\f09ec41136e8e5e5.exe,233942,12.362832774923449,7.751279873023474,6.699427604675293,1.4365853071212769,7.25225305557251,0.3599274754524231,0.8125
f34e5af97ccb3574.exe,C:\Users\VMLicenta\Desktop\Dataset\malware_dataset\worm\f34e5af97ccb3574.exe,108544,11.594920112522855,4.989473867480432,3.89080548286438,1.1679414510726929,5.965512752532959,-0.0,0.0
f67f91c94b2f4caf.exe,C:\Users\VMLicenta\Desktop\Dataset\malware_dataset\worm\f67f91c94b2f4caf.exe,16896,9.73489137036065,5.046055079448706,3.88962721824646,1.0527085065841675,5.460598468780518,-0.0,0.0
f073b23d47e6147d.exe,C:\Users\VMLicenta\Desktop\Dataset\malware_dataset\worm\f073b23d47e6147d.exe,820312,13.617441253725804,6.276341756104645,5.289877414703369,0.866892397403717,5.877731800079346,-0.0,0.0
f126e6439c576dc2.exe,C:\Users\VMLicenta\Desktop\Dataset\malware_dataset\worm\f126e6439c576dc2.exe,291840,12.583964412397322,7.692320149192738,6.538782596588135,1.3508869409561157,7.135946750640869,1.1089813709259033,0.390625
f158a9650580dcf9.exe,C:\Users\VMLicenta\Desktop\Dataset\malware_dataset\worm\f158a9650580dcf9.exe,606208,13.314980090080915,7.762479068147988,6.728015422821045,1.1631463766098022,7.188329219818115,1.1167938709259033,0.53125
f617be25cb6b894d.exe,C:\Users\VMLicenta\Desktop\Dataset\malware_dataset\worm\f617be25cb6b894d.exe,12145152,16.312440718115923,6.782116402758154,5.249967575073242,2.1900720596313477,7.206259250640869,-0.0,0.40625
f693ee5261989061.exe,C:\Users\VMLicenta\Desktop\Dataset\malware_dataset\worm\f693ee5261989061.exe,365056,12.807808784755801,5.437377190174404,4.06503963470459,1.8254225254058838,6.67382287979126,-0.0,0.0
f5335a10844d4ab1.exe,C:\Users\VMLicenta\Desktop\Dataset\malware_dataset\worm\f5335a10844d4ab1.exe,11776,9.373903755841548,3.738191838679249,2.5558857917785645,1.9405804872512817,5.408777713775635,-0.0,0.0
f9548f5dc4e4358f.exe,C:\Users\VMLicenta\Desktop\Dataset\malware_dataset\worm\f9548f5dc4e4358f.exe,846844,13.649272958068503,5.476604220820099,4.2179107666015625,0.9231564998626709,6.130701541900635,-0.0,0.0
f97559f4ec80f28b.exe,C:\Users\VMLicenta\Desktop\Dataset\malware_dataset\worm\f97559f4ec80f28b.exe,19434496,16.78256024079127,6.519521683100559,5.42620849609375,1.0422431230545044,7.143759250640869,0.8466257452964783,0.015625
f984336c7899aa8b.exe,C:\Users\VMLicenta\Desktop\Dataset\malware_dataset\worm\f984336c7899aa8b.exe,2786304,14.840226903281017,7.829002360829528,6.780086517333984,1.4484052658081055,7.325514316558838,-0.0,0.90625
fac8b6687abd3f05.exe,C:\Users\VMLicenta\Desktop\Dataset\malware_dataset\worm\fac8b6687abd3f05.exe,3914357,15.180161889285754,6.471771027029692,5.345577239990234,1.0300602912902832,6.867610454559326,0.8103071451187134,0.0
fb2f8488aefbb51b.exe,C:\Users\VMLicenta\Desktop\Dataset\malware_dataset\worm\fb2f8488aefbb51b.exe,6144,8.723394022000136,2.080709398427,1.2937079668045044,1.9154603481292725,4.9439544677734375,-0.0,0.0
fbd5ed2986f6dcdf.exe,C:\Users\VMLicenta\Desktop\Dataset\malware_dataset\worm\fbd5ed2986f6dcdf.exe,287232,12.568049012062383,6.504962004859548,5.407815456390381,1.011949062347412,7.121745586395264,0.7868696451187134,0.015625
fd6c69c345f1e329.exe,C:\Users\VMLicenta\Desktop\Dataset\malware_dataset\worm\fd6c69c345f1e329.exe,56320,10.938822746356111,7.746816381478601,6.690106391906738,1.4712731838226318,7.25225305557251,0.3599274754524231,0.8125
fd9bb6bf944bfc60.exe,C:\Users\VMLicenta\Desktop\Dataset\malware_dataset\worm\fd9bb6bf944bfc60.exe,38400,10.555838779903407,6.515097308236689,5.055047988891602,2.9838509559631348,7.264285564422607,-0.0,0.484375
fd0908d341a2784a.exe,C:\Users\VMLicenta\Desktop\Dataset\malware_dataset\worm\fd0908d341a2784a.exe,1369088,14.129656113114368,5.977975429895354,4.990156650543213,0.8354190587997437,5.765071868896484,0.6052263379096985,0.0
fff0ccf5feaf5d46.exe,C:\Users\VMLicenta\Desktop\Dataset\malware_dataset\worm\fff0ccf5feaf5d46.exe,22528,10.022558647177142,7.705172769036352,6.575201034545898,1.4782603979110718,7.204107761383057,0.14736507833003998,0.421875
fff81cc8b1c1277f.exe,C:\Users\VMLicenta\Desktop\Dataset\malware_dataset\worm\fff81cc8b1c1277f.exe,30080,10.311649022192036,7.834573929246246,6.775510787963867,1.3811389207839966,7.270183086395264,0.9946039319038391,0.90625
fff95dfbf281b06c.exe,C:\Users\VMLicenta\Desktop\Dataset\malware_dataset\worm\fff95dfbf281b06c.exe,1102344,13.912950286850338,6.150622257236673,5.150797367095947,0.8999332785606384,6.061264991760254,-0.0,0.0
